meal_id,meal_name,meal_type,region,cuisine,diet_type,ingredients,serving_size_g,calories_kcal,protein_g,carbohydrate_g,fat_g,fiber_g,sugar_g,sodium_mg,source_name,source_type,retrieved_date
IND_MEAL_001,Hot tea (Garam Chai) with Lemonade,Lunch,Pan-Indian,Pan-Indian Cuisine,Vegetarian,"Hot tea (Garam Chai) (150g), Lemonade (100g)",250,45.01,0.61,9.35,0.81,0.02,9.34,33.2,Calculated from Indian Food Composition Data,Composite Recipe Engine,2026-09-01
IND_MEAL_002,Instant coffee with Banana milkshake (Kele milkshake),Dinner,Pan-Indian,Pan-Indian Cuisine,Vegetarian,"Instant coffee (150g), Banana milkshake (Kele milkshake) (100g)",250,100.05,2.8,14.62,3.5,0.26,13.39,20.99,Calculated from Indian Food Composition Data,Composite Recipe Engine,2026-09-01
IND_MEAL_003,Espreso coffee with Cheese and chilli sandwich,Snack,Pan-Indian,Pan-Indian Cuisine,Vegetarian,"Espreso coffee (150g), Cheese and chilli sandwich (100g)",250,295.42,9.43,37.33,12.99,2.08,12.18,458.47,Calculated from Indian Food Composition Data,Composite Recipe Engine,2026-09-01
IND_MEAL_004,Iced tea with Rainbow sandwich,Beverage,Pan-Indian,Pan-Indian Cuisine,Vegetarian,"Iced tea (150g), Rainbow sandwich (100g)",250,288.26,7.79,38.31,12.55,2.1,8.1,612.84,Calculated from Indian Food Composition Data,Composite Recipe Engine,2026-09-01
IND_MEAL_005,Raw mango drink (Aam panna) with Egg and tomato sandwich (Ande aur tamatar ka sandwich),Dessert,Pan-Indian,Pan-Indian Cuisine,Non-Vegetarian,"Raw mango drink (Aam panna) (150g), Egg and tomato sandwich (Ande aur tamatar ka sandwich) (100g)",250,275.99,7.9,39.48,10.55,2.69,13.32,542.99,Calculated from Indian Food Composition Data,Composite Recipe Engine,2026-09-01
IND_MEAL_006,Fruit Punch (with fresh juices) with Pea keema sandwich (toasted) (Matar aur keema ka sandwich),Breakfast,Pan-Indian,Pan-Indian Cuisine,Non-Vegetarian,"Fruit Punch (with fresh juices) (150g), Pea keema sandwich (toasted) (Matar aur keema ka sandwich) (100g)",250,225.96,11.27,34.33,5.66,2.54,15.81,294.01,Calculated from Indian Food Composition Data,Composite Recipe Engine,2026-09-01
IND_MEAL_007,Fruit Punch (with squashes) with Rice flakes (Chiwda/Aval),Lunch,Pan-Indian,Pan-Indian Cuisine,Vegetarian,"Fruit Punch (with squashes) (150g), Rice flakes (Chiwda/Aval) (100g)",250,147.13,3.73,24.55,4.02,0.62,16.1,25.79,Calculated from Indian Food Composition Data,Composite Recipe Engine,2026-09-01
IND_MEAL_008,Lemonade with Scrambled egg (Ande ki bhurji),Dinner,Pan-Indian,Pan-Indian Cuisine,Non-Vegetarian,"Lemonade (150g), Scrambled egg (Ande ki bhurji) (100g)",250,187.17,10.33,9.57,12.23,0.27,9.29,417.44,Calculated from Indian Food Composition Data,Composite Recipe Engine,2026-09-01
IND_MEAL_009,Lem-o-gin with Jam and fruit pancake,Snack,Pan-Indian,Pan-Indian Cuisine,Vegetarian,"Lem-o-gin (150g), Jam and fruit pancake (100g)",250,194.3,3.91,29.05,7.05,1.41,15.92,135.28,Calculated from Indian Food Composition Data,Composite Recipe Engine,2026-09-01
IND_MEAL_010,Cumin infused water (Jeere/Zeere ka pani) with Chicken consomme (Clear chicken soup),Beverage,Pan-Indian,Pan-Indian Cuisine,Non-Vegetarian,"Cumin infused water (Jeere/Zeere ka pani) (150g), Chicken consomme (Clear chicken soup) (100g)",250,61.57,11.73,3.98,12.18,2.26,2.73,9238.04,Calculated from Indian Food Composition Data,Composite Recipe Engine,2026-09-01
IND_MEAL_011,Coco pine cooler with Minestrone soup,Dessert,Pan-Indian,Pan-Indian Cuisine,Vegetarian,"Coco pine cooler (150g), Minestrone soup (100g)",250,91.78,10.14,12.29,12.59,2.31,9.29,8909.86,Calculated from Indian Food Composition Data,Composite Recipe Engine,2026-09-01
IND_MEAL_012,Summer cooler with Cold summer garden soup,Breakfast,Pan-Indian,Pan-Indian Cuisine,Vegetarian,"Summer cooler (150g), Cold summer garden soup (100g)",250,82.83,9.12,10.79,14.14,2.16,8.28,9921.98,Calculated from Indian Food Composition Data,Composite Recipe Engine,2026-09-01
IND_MEAL_013,Hot cocoa with Sprouted moong parantha/paratha,Lunch,Pan-Indian,Pan-Indian Cuisine,Vegetarian,"Hot cocoa (150g), Sprouted moong parantha/paratha (100g)",250,363.74,9.33,38.16,19.27,4.49,14.99,190.24,Calculated from Indian Food Composition Data,Composite Recipe Engine,2026-09-01
IND_MEAL_014,Cold coffee with ice cream with Methi poori,Dinner,Pan-Indian,Pan-Indian Cuisine,Vegetarian,"Cold coffee with ice cream (150g), Methi poori (100g)",250,811.79,3.8,24.84,77.77,1.62,17.03,56.13,Calculated from Indian Food Composition Data,Composite Recipe Engine,2026-09-01
IND_MEAL_015,Banana milkshake (Kele milkshake) with Mushroom pulao,Snack,Pan-Indian,Pan-Indian Cuisine,Vegetarian,"Banana milkshake (Kele milkshake) (150g), Mushroom pulao (100g)",250,222.25,5.28,32.75,7.59,2.27,12.94,242.78,Calculated from Indian Food Composition Data,Composite Recipe Engine,2026-09-01
IND_MEAL_016,Mango milkshake (Aam milkshake) with Vegetable biryani/biriyani,Beverage,Pan-Indian,Pan-Indian Cuisine,Vegetarian,"Mango milkshake (Aam milkshake) (150g), Vegetable biryani/biriyani (100g)",250,259.96,5.75,29.41,13.04,3.7,12.87,203.69,Calculated from Indian Food Composition Data,Composite Recipe Engine,2026-09-01
IND_MEAL_017,Pineapple milkshake (Ananas milkshake) with Macroni cheese pie,Dessert,Pan-Indian,Pan-Indian Cuisine,Vegetarian,"Pineapple milkshake (Ananas milkshake) (150g), Macroni cheese pie (100g)",250,254.21,8.34,32.53,10.82,0.4,14.8,221.58,Calculated from Indian Food Composition Data,Composite Recipe Engine,2026-09-01
IND_MEAL_018,Orange milkshake (Narangi milkshake) with Chicken lasagne,Breakfast,Pan-Indian,Pan-Indian Cuisine,Non-Vegetarian,"Orange milkshake (Narangi milkshake) (150g), Chicken lasagne (100g)",250,273.62,13.24,24.57,14.14,0.11,13.36,260.5,Calculated from Indian Food Composition Data,Composite Recipe Engine,2026-09-01
IND_MEAL_019,Egg nog with Onion tomato uttapam,Lunch,Pan-Indian,Pan-Indian Cuisine,Non-Vegetarian,"Egg nog (150g), Onion tomato uttapam (100g)",250,607.73,9.08,23.55,52.96,1.29,12.89,204.5,Calculated from Indian Food Composition Data,Composite Recipe Engine,2026-09-01
IND_MEAL_020,Sweet Lassi (Meethi lassi) with Mixed dal,Dinner,Pan-Indian,Pan-Indian Cuisine,Vegetarian,"Sweet Lassi (Meethi lassi) (150g), Mixed dal (100g)",250,115.42,4.45,15.55,4.12,1.62,10.11,168.83,Calculated from Indian Food Composition Data,Composite Recipe Engine,2026-09-01
IND_MEAL_021,Lassi (salted) with Chickpeas curry (Safed channa curry),Snack,Pan-Indian,Pan-Indian Cuisine,Vegetarian,"Lassi (salted) (150g), Chickpeas curry (Safed channa curry) (100g)",250,191.69,8.12,22.77,7.92,4.76,7.54,456.09,Calculated from Indian Food Composition Data,Composite Recipe Engine,2026-09-01
IND_MEAL_022,Cheese and chilli sandwich with Sprouted moong dal chat,Beverage,Pan-Indian,Pan-Indian Cuisine,Vegetarian,"Cheese and chilli sandwich (150g), Sprouted moong dal chat (100g)",250,359.63,11.55,47.11,14.99,4.47,5.14,743.32,Calculated from Indian Food Composition Data,Composite Recipe Engine,2026-09-01
IND_MEAL_023,Egg sandwich (Ande ka sandwich) with Dry potato (Sookhe aloo),Dessert,Pan-Indian,Pan-Indian Cuisine,Non-Vegetarian,"Egg sandwich (Ande ka sandwich) (150g), Dry potato (Sookhe aloo) (100g)",250,532.09,14.66,58.12,27.88,4.7,3.12,892.5,Calculated from Indian Food Composition Data,Composite Recipe Engine,2026-09-01
IND_MEAL_024,Cucumber sandwich (Kheere ka sandwich) with Stuffed round gourd (Bharwa tinde),Breakfast,Pan-Indian,Pan-Indian Cuisine,Vegetarian,"Cucumber sandwich (Kheere ka sandwich) (150g), Stuffed round gourd (Bharwa tinde) (100g)",250,355.7,8.3,42.67,17.75,5.78,4.42,724.11,Calculated from Indian Food Composition Data,Composite Recipe Engine,2026-09-01
IND_MEAL_025,Cheese and pineapple sandwich (Cheese aur ananas ka sandwich) with Pea curry (Matar ki sabzi),Lunch,Pan-Indian,Pan-Indian Cuisine,Vegetarian,"Cheese and pineapple sandwich (Cheese aur ananas ka sandwich) (150g), Pea curry (Matar ki sabzi) (100g)",250,489.55,16.81,52.85,24.31,7.94,8.13,1012.69,Calculated from Indian Food Composition Data,Composite Recipe Engine,2026-09-01
IND_MEAL_026,Cheese and tomato sandwich (Cheese aur tamatar ke sandwich) with Paneer kofta curry,Dinner,Pan-Indian,Pan-Indian Cuisine,Vegetarian,"Cheese and tomato sandwich (Cheese aur tamatar ke sandwich) (150g), Paneer kofta curry (100g)",250,1035.89,14.27,43.65,90.47,3.35,6.26,946.29,Calculated from Indian Food Composition Data,Composite Recipe Engine,2026-09-01
IND_MEAL_027,Chicken sandwich with Vegetarian egg kofta curry,Snack,Pan-Indian,Pan-Indian Cuisine,Non-Vegetarian,"Chicken sandwich (150g), Vegetarian egg kofta curry (100g)",250,1007.32,21.01,42.33,84.86,3.1,3.59,680.39,Calculated from Indian Food Composition Data,Composite Recipe Engine,2026-09-01
IND_MEAL_028,Peanut and tomato sandwich (Moongfali aur tamatar ka sandwich) with Dum aloo,Beverage,Pan-Indian,Pan-Indian Cuisine,Vegetarian,"Peanut and tomato sandwich (Moongfali aur tamatar ka sandwich) (150g), Dum aloo (100g)",250,1119.47,14.99,46.14,98.22,6.72,4.94,731.34,Calculated from Indian Food Composition Data,Composite Recipe Engine,2026-09-01
IND_MEAL_029,Rainbow sandwich with Shahi paneer,Dessert,Pan-Indian,Pan-Indian Cuisine,Vegetarian,"Rainbow sandwich (150g), Shahi paneer (100g)",250,565.62,16.68,58.03,31.15,4.55,11.08,1134.09,Calculated from Indian Food Composition Data,Composite Recipe Engine,2026-09-01
IND_MEAL_030,Club sandwich with Spinach mutton (Palak mutton),Breakfast,Pan-Indian,Pan-Indian Cuisine,Non-Vegetarian,"Club sandwich (150g), Spinach mutton (Palak mutton) (100g)",250,433.3,16.7,31.21,27.39,4.95,4.43,813.59,Calculated from Indian Food Composition Data,Composite Recipe Engine,2026-09-01
IND_MEAL_031,Vegetarian club sandwich with Mutton chops,Lunch,Pan-Indian,Pan-Indian Cuisine,Non-Vegetarian,"Vegetarian club sandwich (150g), Mutton chops (100g)",250,961.13,12.21,31.0,88.31,3.26,3.54,509.07,Calculated from Indian Food Composition Data,Composite Recipe Engine,2026-09-01
IND_MEAL_032,Pin wheel sandwich with Chicken kebab,Dinner,Pan-Indian,Pan-Indian Cuisine,Non-Vegetarian,"Pin wheel sandwich (150g), Chicken kebab (100g)",250,1196.69,16.86,22.11,116.28,1.6,2.42,631.35,Calculated from Indian Food Composition Data,Composite Recipe Engine,2026-09-01
IND_MEAL_033,Carrot apple sandwich (Gajar aur seb ka sandwich) with Baked fish with cheese sauce,Snack,Pan-Indian,Pan-Indian Cuisine,Non-Vegetarian,"Carrot apple sandwich (Gajar aur seb ka sandwich) (150g), Baked fish with cheese sauce (100g)",250,435.12,16.59,47.62,20.7,5.57,11.17,663.8,Calculated from Indian Food Composition Data,Composite Recipe Engine,2026-09-01
IND_MEAL_034,Salami sandwich with Hawain salad,Beverage,Pan-Indian,Pan-Indian Cuisine,Non-Vegetarian,"Salami sandwich (150g), Hawain salad (100g)",250,558.62,17.32,46.66,34.63,6.88,8.24,1059.05,Calculated from Indian Food Composition Data,Composite Recipe Engine,2026-09-01
IND_MEAL_035,Vegetable and mayonnaise sandwich with Coleslaw,Dessert,Pan-Indian,Pan-Indian Cuisine,Vegetarian,"Vegetable and mayonnaise sandwich (150g), Coleslaw (100g)",250,443.1,7.95,40.39,28.42,5.87,7.15,543.92,Calculated from Indian Food Composition Data,Composite Recipe Engine,2026-09-01
IND_MEAL_036,Egg and tomato sandwich (Ande aur tamatar ka sandwich) with Carrot and spinach raita (Gajar aur palak ka raita),Breakfast,Pan-Indian,Pan-Indian Cuisine,Non-Vegetarian,"Egg and tomato sandwich (Ande aur tamatar ka sandwich) (150g), Carrot and spinach raita (Gajar aur palak ka raita) (100g)",250,390.0,15.49,44.68,17.75,4.04,8.06,815.68,Calculated from Indian Food Composition Data,Composite Recipe Engine,2026-09-01
IND_MEAL_037,Sweet open sandwich with Saunth/Sonth chutney with tamarind/imli,Lunch,Pan-Indian,Pan-Indian Cuisine,Vegetarian,"Sweet open sandwich (150g), Saunth/Sonth chutney with tamarind/imli (100g)",250,507.9,8.5,92.41,12.38,4.47,49.66,552.29,Calculated from Indian Food Composition Data,Composite Recipe Engine,2026-09-01
IND_MEAL_038,Mushroom and cheese sandwich (toasted) with Carrot kheer (Gajar ki kheer),Dinner,Pan-Indian,Pan-Indian Cuisine,Vegetarian,"Mushroom and cheese sandwich (toasted) (150g), Carrot kheer (Gajar ki kheer) (100g)",250,426.48,14.5,41.61,23.37,4.15,12.8,713.39,Calculated from Indian Food Composition Data,Composite Recipe Engine,2026-09-01
IND_MEAL_039,Cheese and tomato sandwich (toasted) (Cheese aur tamatar ke sandwich (toasted)) with Egg halwa (Ande ka halwa),Snack,Pan-Indian,Pan-Indian Cuisine,Non-Vegetarian,"Cheese and tomato sandwich (toasted) (Cheese aur tamatar ke sandwich (toasted)) (150g), Egg halwa (Ande ka halwa) (100g)",250,636.61,18.08,71.72,32.83,3.16,41.86,769.95,Calculated from Indian Food Composition Data,Composite Recipe Engine,2026-09-01
IND_MEAL_040,Pea potato sandwich (toasted) (Matar aloo ka sandwich) with Chocolate ice cream,Beverage,Pan-Indian,Pan-Indian Cuisine,Vegetarian,"Pea potato sandwich (toasted) (Matar aloo ka sandwich) (150g), Chocolate ice cream (100g)",250,425.05,11.37,53.17,19.39,4.33,17.32,430.74,Calculated from Indian Food Composition Data,Composite Recipe Engine,2026-09-01
IND_MEAL_041,Paneer pea sandwich (toasted) (Paneer matar ka sandwich) with Chocolate souffle,Dessert,North Indian,North Indian Cuisine,Vegetarian,"Paneer pea sandwich (toasted) (Paneer matar ka sandwich) (150g), Chocolate souffle (100g)",250,563.66,26.48,50.82,29.33,3.18,22.29,459.42,Calculated from Indian Food Composition Data,Composite Recipe Engine,2026-09-01
IND_MEAL_042,Chicken sandwich (toasted) with Triffle pudding,Breakfast,Pan-Indian,Pan-Indian Cuisine,Non-Vegetarian,"Chicken sandwich (toasted) (150g), Triffle pudding (100g)",250,368.02,21.05,46.47,11.91,2.58,17.09,518.28,Calculated from Indian Food Composition Data,Composite Recipe Engine,2026-09-01
IND_MEAL_043,Pea keema sandwich (toasted) (Matar aur keema ka sandwich) with Bread and butter pudding,Lunch,Pan-Indian,Pan-Indian Cuisine,Non-Vegetarian,"Pea keema sandwich (toasted) (Matar aur keema ka sandwich) (150g), Bread and butter pudding (100g)",250,425.61,22.18,50.02,16.3,4.66,14.75,531.4,Calculated from Indian Food Composition Data,Composite Recipe Engine,2026-09-01
IND_MEAL_044,Classic club sandwich with Hot chocolate souffle,Dinner,Pan-Indian,Pan-Indian Cuisine,Vegetarian,"Classic club sandwich (150g), Hot chocolate souffle (100g)",250,527.34,16.81,53.95,28.44,2.55,25.67,470.35,Calculated from Indian Food Composition Data,Composite Recipe Engine,2026-09-01
IND_MEAL_045,Sesame toast with Gram flour burfi (Besan burfi),Snack,Pan-Indian,Pan-Indian Cuisine,Vegetarian,"Sesame toast (150g), Gram flour burfi (Besan burfi) (100g)",250,1164.58,14.04,63.32,96.48,5.39,30.63,206.19,Calculated from Indian Food Composition Data,Composite Recipe Engine,2026-09-01
IND_MEAL_046,Cracked wheat porridge (Meetha daliya) with Ghujia/Lavang latika,Beverage,Pan-Indian,Pan-Indian Cuisine,Vegetarian,"Cracked wheat porridge (Meetha daliya) (150g), Ghujia/Lavang latika (100g)",250,891.34,5.82,26.3,85.05,1.45,13.76,27.12,Calculated from Indian Food Composition Data,Composite Recipe Engine,2026-09-01
IND_MEAL_047,Semolina porridge (Suji/Rava daliya) with Mixed vegetable pakora/pakoda,Dessert,Pan-Indian,Pan-Indian Cuisine,Vegetarian,"Semolina porridge (Suji/Rava daliya) (150g), Mixed vegetable pakora/pakoda (100g)",250,825.14,7.56,23.71,77.98,2.18,11.69,100.16,Calculated from Indian Food Composition Data,Composite Recipe Engine,2026-09-01
IND_MEAL_048,Oatmeal Porridge with Potato samosa (Aloo ka samosa),Breakfast,Pan-Indian,Pan-Indian Cuisine,Vegetarian,"Oatmeal Porridge (150g), Potato samosa (Aloo ka samosa) (100g)",250,686.66,5.61,22.37,64.02,1.77,8.09,101.31,Calculated from Indian Food Composition Data,Composite Recipe Engine,2026-09-01
IND_MEAL_049,Cornflakes with milk with Peanut cutlet (Mungfali ke cutlet),Lunch,Pan-Indian,Pan-Indian Cuisine,Vegetarian,"Cornflakes with milk (150g), Peanut cutlet (Mungfali ke cutlet) (100g)",250,874.76,8.02,28.1,81.68,2.38,15.47,124.06,Calculated from Indian Food Composition Data,Composite Recipe Engine,2026-09-01
IND_MEAL_050,Rice flakes (Chiwda/Aval) with Vegetable seekh kebab,Dinner,Pan-Indian,Pan-Indian Cuisine,Vegetarian,"Rice flakes (Chiwda/Aval) (150g), Vegetable seekh kebab (100g)",250,859.39,7.0,28.68,79.7,1.15,11.66,117.27,Calculated from Indian Food Composition Data,Composite Recipe Engine,2026-09-01
IND_MEAL_051,Wheat flakes with Dry mango chutney (Sookhe aam ki chutney),Snack,Pan-Indian,Pan-Indian Cuisine,Vegetarian,"Wheat flakes (150g), Dry mango chutney (Sookhe aam ki chutney) (100g)",250,466.79,7.86,92.53,6.69,4.29,72.78,471.51,Calculated from Indian Food Composition Data,Composite Recipe Engine,2026-09-01
IND_MEAL_052,Murmura (Puffed rice) with Orange cream tart,Beverage,Pan-Indian,Pan-Indian Cuisine,Vegetarian,"Murmura (Puffed rice) (150g), Orange cream tart (100g)",250,367.14,8.01,50.94,14.78,1.06,21.05,70.63,Calculated from Indian Food Composition Data,Composite Recipe Engine,2026-09-01
IND_MEAL_053,Puffed wheat (Murmure/Moori) with Chocolate meringue pie,Dessert,Pan-Indian,Pan-Indian Cuisine,Vegetarian,"Puffed wheat (Murmure/Moori) (150g), Chocolate meringue pie (100g)",250,384.74,10.41,52.3,15.23,0.79,25.99,114.55,Calculated from Indian Food Composition Data,Composite Recipe Engine,2026-09-01
IND_MEAL_054,Boiled egg (Ubla anda) with Hot potato souffle,Breakfast,Pan-Indian,Pan-Indian Cuisine,Non-Vegetarian,"Boiled egg (Ubla anda) (150g), Hot potato souffle (100g)",250,193.67,12.15,8.74,12.2,0.83,1.78,353.61,Calculated from Indian Food Composition Data,Composite Recipe Engine,2026-09-01
IND_MEAL_055,Fried Egg with Orange cake,Lunch,Pan-Indian,Pan-Indian Cuisine,Non-Vegetarian,"Fried Egg (150g), Orange cake (100g)",250,693.12,23.48,48.75,45.64,1.26,28.38,775.85,Calculated from Indian Food Composition Data,Composite Recipe Engine,2026-09-01
IND_MEAL_056,Poached egg with Swiss roll,Dinner,Pan-Indian,Pan-Indian Cuisine,Non-Vegetarian,"Poached egg (150g), Swiss roll (100g)",250,437.68,25.27,48.9,16.05,1.0,33.04,1796.51,Calculated from Indian Food Composition Data,Composite Recipe Engine,2026-09-01
IND_MEAL_057,Scrambled egg (Ande ki bhurji) with Sweet plain biscuit,Snack,Pan-Indian,Pan-Indian Cuisine,Non-Vegetarian,"Scrambled egg (Ande ki bhurji) (150g), Sweet plain biscuit (100g)",250,614.71,21.29,52.31,35.98,1.43,23.39,694.58,Calculated from Indian Food Composition Data,Composite Recipe Engine,2026-09-01
IND_MEAL_058,Baked egg with Masala biscuit,Beverage,Pan-Indian,Pan-Indian Cuisine,Non-Vegetarian,"Baked egg (150g), Masala biscuit (100g)",250,721.91,23.88,68.31,39.73,3.69,9.31,1499.45,Calculated from Indian Food Composition Data,Composite Recipe Engine,2026-09-01
IND_MEAL_059,Plain omelette/omlet with Ginger biscuit (Adarak ke biscuit),Dessert,Pan-Indian,Pan-Indian Cuisine,Vegetarian,"Plain omelette/omlet (150g), Ginger biscuit (Adarak ke biscuit) (100g)",250,826.53,20.47,59.4,56.92,1.67,27.82,418.95,Calculated from Indian Food Composition Data,Composite Recipe Engine,2026-09-01
IND_MEAL_060,Stuffed egg omelette/omlet with Rice moong dal cheela (Chawal aur moong dal ka cheela),Breakfast,Pan-Indian,Pan-Indian Cuisine,Non-Vegetarian,"Stuffed egg omelette/omlet (150g), Rice moong dal cheela (Chawal aur moong dal ka cheela) (100g)",250,1103.53,15.64,14.58,109.09,2.3,2.5,543.61,Calculated from Indian Food Composition Data,Composite Recipe Engine,2026-09-01
IND_MEAL_061,Pancake with Sprouted moong poha,Lunch,Pan-Indian,Pan-Indian Cuisine,Vegetarian,"Pancake (150g), Sprouted moong poha (100g)",250,497.64,14.11,57.34,23.12,4.11,6.91,436.37,Calculated from Indian Food Composition Data,Composite Recipe Engine,2026-09-01
IND_MEAL_062,Keema pancake with Steeped hot coffee,Dinner,Pan-Indian,Pan-Indian Cuisine,Non-Vegetarian,"Keema pancake (150g), Steeped hot coffee (100g)",250,280.32,13.91,17.35,17.2,1.26,6.26,190.92,Calculated from Indian Food Composition Data,Composite Recipe Engine,2026-09-01
IND_MEAL_063,Vegetable pancake with Mintade,Snack,Pan-Indian,Pan-Indian Cuisine,Vegetarian,"Vegetable pancake (150g), Mintade (100g)",250,228.09,5.83,28.95,9.88,3.75,13.61,201.72,Calculated from Indian Food Composition Data,Composite Recipe Engine,2026-09-01
IND_MEAL_064,Jam and fruit pancake with Rice upma,Beverage,Pan-Indian,Pan-Indian Cuisine,Vegetarian,"Jam and fruit pancake (150g), Rice upma (100g)",250,394.3,8.32,49.05,17.98,3.94,12.9,241.38,Calculated from Indian Food Composition Data,Composite Recipe Engine,2026-09-01
IND_MEAL_065,Khoa and coconut pancake with Indian style egg bhujia (Anda bhujia (Indian style)),Dessert,Pan-Indian,Pan-Indian Cuisine,Non-Vegetarian,"Khoa and coconut pancake (150g), Indian style egg bhujia (Anda bhujia (Indian style)) (100g)",250,510.8,16.57,44.74,29.95,4.0,26.65,369.55,Calculated from Indian Food Composition Data,Composite Recipe Engine,2026-09-01
IND_MEAL_066,Brown stock with Meat stock,Breakfast,Pan-Indian,Pan-Indian Cuisine,Non-Vegetarian,"Brown stock (150g), Meat stock (100g)",250,56.46,5.03,0.38,3.85,0.14,0.21,75.52,Calculated from Indian Food Composition Data,Composite Recipe Engine,2026-09-01
IND_MEAL_067,Vegetable stock with Mixed vegetable soup,Lunch,Pan-Indian,Pan-Indian Cuisine,Vegetarian,"Vegetable stock (150g), Mixed vegetable soup (100g)",250,62.11,8.67,4.39,13.73,2.21,2.3,9276.9,Calculated from Indian Food Composition Data,Composite Recipe Engine,2026-09-01
IND_MEAL_068,Chicken stock with Cold cucumber cream soup,Dinner,Pan-Indian,Pan-Indian Cuisine,Non-Vegetarian,"Chicken stock (150g), Cold cucumber cream soup (100g)",250,56.7,5.88,2.31,2.6,0.88,0.81,295.76,Calculated from Indian Food Composition Data,Composite Recipe Engine,2026-09-01
IND_MEAL_069,Clear tomato soup (Tamatar ka soup) with Gram flour poori (Besan poori),Snack,Pan-Indian,Pan-Indian Cuisine,Vegetarian,"Clear tomato soup (Tamatar ka soup) (150g), Gram flour poori (Besan poori) (100g)",250,817.76,9.78,16.11,89.84,4.88,2.51,7761.94,Calculated from Indian Food Composition Data,Composite Recipe Engine,2026-09-01
IND_MEAL_070,Lentil soup with Minced meat pancake (with chicken),Beverage,Pan-Indian,Pan-Indian Cuisine,Non-Vegetarian,"Lentil soup (150g), Minced meat pancake (with chicken) (100g)",250,162.8,26.48,14.09,28.0,4.55,2.88,20570.44,Calculated from Indian Food Composition Data,Composite Recipe Engine,2026-09-01
IND_MEAL_071,Chicken consomme (Clear chicken soup) with Mutton pulao,Dessert,Pan-Indian,Pan-Indian Cuisine,Non-Vegetarian,"Chicken consomme (Clear chicken soup) (150g), Mutton pulao (100g)",250,202.68,23.73,13.04,28.81,4.0,1.81,16546.05,Calculated from Indian Food Composition Data,Composite Recipe Engine,2026-09-01
IND_MEAL_072,Cream of tomato soup with Masala dosa paneer fillings,Breakfast,Pan-Indian,Pan-Indian Cuisine,Vegetarian,"Cream of tomato soup (150g), Masala dosa paneer fillings (100g)",250,389.84,17.23,35.66,28.52,5.18,7.52,6852.23,Calculated from Indian Food Composition Data,Composite Recipe Engine,2026-09-01
IND_MEAL_073,Cream of green peas soup with Spaghetti with paneer balls and tomato sauce,Lunch,Pan-Indian,Pan-Indian Cuisine,Vegetarian,"Cream of green peas soup (150g), Spaghetti with paneer balls and tomato sauce (100g)",250,350.3,14.64,22.84,32.61,5.68,5.45,7699.1,Calculated from Indian Food Composition Data,Composite Recipe Engine,2026-09-01
IND_MEAL_074,Cream of spinach soup with Moong dal with vadi,Dinner,Pan-Indian,Pan-Indian Cuisine,Vegetarian,"Cream of spinach soup (150g), Moong dal with vadi (100g)",250,174.89,8.21,6.18,22.02,3.0,2.15,6757.07,Calculated from Indian Food Composition Data,Composite Recipe Engine,2026-09-01
IND_MEAL_075,Cream of mixed vegetable soup with Dry masala chops,Snack,Pan-Indian,Pan-Indian Cuisine,Vegetarian,"Cream of mixed vegetable soup (150g), Dry masala chops (100g)",250,224.54,19.34,10.7,23.12,4.07,5.42,8566.64,Calculated from Indian Food Composition Data,Composite Recipe Engine,2026-09-01
IND_MEAL_076,Cream of mushroom soup with Soya chunks sweet and sour (Nutrinugget sweet and sour),Beverage,Pan-Indian,Pan-Indian Cuisine,Vegetarian,"Cream of mushroom soup (150g), Soya chunks sweet and sour (Nutrinugget sweet and sour) (100g)",250,676.86,12.81,8.88,79.24,2.87,4.0,10171.76,Calculated from Indian Food Composition Data,Composite Recipe Engine,2026-09-01
IND_MEAL_077,Chicken sweet corn soup with Roast chicken,Dessert,Pan-Indian,Pan-Indian Cuisine,Non-Vegetarian,"Chicken sweet corn soup (150g), Roast chicken (100g)",250,242.38,42.21,2.54,31.95,0.73,0.46,18379.7,Calculated from Indian Food Composition Data,Composite Recipe Engine,2026-09-01
IND_MEAL_078,Minestrone soup with Chicken korma,Breakfast,Pan-Indian,Pan-Indian Cuisine,Non-Vegetarian,"Minestrone soup (150g), Chicken korma (100g)",250,211.95,23.78,10.99,26.3,4.7,4.83,13431.8,Calculated from Indian Food Composition Data,Composite Recipe Engine,2026-09-01
IND_MEAL_079,Egg drop soup with Crispy baked fish,Lunch,Pan-Indian,Pan-Indian Cuisine,Non-Vegetarian,"Egg drop soup (150g), Crispy baked fish (100g)",250,178.36,30.34,11.24,26.69,2.42,2.43,18820.68,Calculated from Indian Food Composition Data,Composite Recipe Engine,2026-09-01
IND_MEAL_080,Chinese cabbage and meat ball soup with Yam kofta curry (Zimikand/Suran kofta curry),Dinner,Pan-Indian,Pan-Indian Cuisine,Non-Vegetarian,"Chinese cabbage and meat ball soup (150g), Yam kofta curry (Zimikand/Suran kofta curry) (100g)",250,1049.35,8.52,5.89,118.7,1.9,1.19,6416.34,Calculated from Indian Food Composition Data,Composite Recipe Engine,2026-09-01
IND_MEAL_081,French onion soup with Dry arbi (Sookhi arbi),Snack,Pan-Indian,Pan-Indian Cuisine,Vegetarian,"French onion soup (150g), Dry arbi (Sookhi arbi) (100g)",250,218.36,19.24,17.53,30.55,3.99,3.8,16885.58,Calculated from Indian Food Composition Data,Composite Recipe Engine,2026-09-01
IND_MEAL_082,Hot and sour soup with Jackfruit/Kathal (dry),Beverage,Pan-Indian,Pan-Indian Cuisine,Vegetarian,"Hot and sour soup (150g), Jackfruit/Kathal (dry) (100g)",250,536.24,5.61,7.23,53.75,2.23,4.54,278.57,Calculated from Indian Food Composition Data,Composite Recipe Engine,2026-09-01
IND_MEAL_083,Talaumein soup with Cauliflower basket,Dessert,Pan-Indian,Pan-Indian Cuisine,Vegetarian,"Talaumein soup (150g), Cauliflower basket (100g)",250,144.4,20.39,10.22,25.05,5.31,2.62,16826.43,Calculated from Indian Food Composition Data,Composite Recipe Engine,2026-09-01
IND_MEAL_084,Cold cucumber soup (Thanda kheere ka soup) with Creamed spinach and mushroom,Breakfast,Pan-Indian,Pan-Indian Cuisine,Vegetarian,"Cold cucumber soup (Thanda kheere ka soup) (150g), Creamed spinach and mushroom (100g)",250,491.67,6.77,10.04,47.12,2.34,6.18,272.19,Calculated from Indian Food Composition Data,Composite Recipe Engine,2026-09-01
IND_MEAL_085,Cold summer garden soup with Tossed green salad,Lunch,Pan-Indian,Pan-Indian Cuisine,Vegetarian,"Cold summer garden soup (150g), Tossed green salad (100g)",250,123.66,14.19,7.79,24.36,4.12,2.59,14944.52,Calculated from Indian Food Composition Data,Composite Recipe Engine,2026-09-01
IND_MEAL_086,Chapati/Roti with French dressing,Dinner,Pan-Indian,Pan-Indian Cuisine,Vegetarian,"Chapati/Roti (150g), French dressing (100g)",250,1037.24,9.14,57.15,84.99,9.69,4.51,262.87,Calculated from Indian Food Composition Data,Composite Recipe Engine,2026-09-01
IND_MEAL_087,Plain parantha/paratha with Bathua raita,Snack,North Indian,North Indian Cuisine,Vegetarian,"Plain parantha/paratha (150g), Bathua raita (100g)",250,501.85,11.72,51.35,27.05,10.33,5.4,204.03,Calculated from Indian Food Composition Data,Composite Recipe Engine,2026-09-01
IND_MEAL_088,Potato parantha/paratha (Aloo ka parantha/paratha) with Pumpkin kheer (Kaddu ki kheer),Beverage,North Indian,North Indian Cuisine,Vegetarian,"Potato parantha/paratha (Aloo ka parantha/paratha) (150g), Pumpkin kheer (Kaddu ki kheer) (100g)",250,393.91,8.31,46.32,19.19,6.9,11.84,211.79,Calculated from Indian Food Composition Data,Composite Recipe Engine,2026-09-01
IND_MEAL_089,Radish parantha/paratha (Mooli ka parantha/paratha) with Choconut ice cream,Dessert,North Indian,North Indian Cuisine,Vegetarian,"Radish parantha/paratha (Mooli ka parantha/paratha) (150g), Choconut ice cream (100g)",250,549.24,9.99,53.94,32.78,6.99,22.98,220.38,Calculated from Indian Food Composition Data,Composite Recipe Engine,2026-09-01
IND_MEAL_090,Cauliflower parantha/paratha (Phoolgobhi ka parantha/paratha) with Vanilla ice cream with apples in hot cherry sauce,Breakfast,North Indian,North Indian Cuisine,Vegetarian,"Cauliflower parantha/paratha (Phoolgobhi ka parantha/paratha) (150g), Vanilla ice cream with apples in hot cherry sauce (100g)",250,463.43,7.32,51.01,25.66,7.28,15.91,316.59,Calculated from Indian Food Composition Data,Composite Recipe Engine,2026-09-01
IND_MEAL_091,Dal parantha/paratha with Cold orange souffle,Lunch,North Indian,North Indian Cuisine,Vegetarian,"Dal parantha/paratha (150g), Cold orange souffle (100g)",250,575.55,16.11,61.31,29.4,9.8,16.57,280.73,Calculated from Indian Food Composition Data,Composite Recipe Engine,2026-09-01
IND_MEAL_092,Sprouted moong parantha/paratha with Apple crumb pudding,Dinner,North Indian,North Indian Cuisine,Vegetarian,"Sprouted moong parantha/paratha (150g), Apple crumb pudding (100g)",250,563.74,7.98,71.63,27.52,8.07,29.9,290.27,Calculated from Indian Food Composition Data,Composite Recipe Engine,2026-09-01
IND_MEAL_093,Pea parantha/paratha (Matar ka parantha/paratha) with Rajbogh,Snack,North Indian,North Indian Cuisine,Vegetarian,"Pea parantha/paratha (Matar ka parantha/paratha) (150g), Rajbogh (100g)",250,419.79,10.09,60.42,15.48,8.53,29.59,181.55,Calculated from Indian Food Composition Data,Composite Recipe Engine,2026-09-01
IND_MEAL_094,Keema parantha/paratha with Khoa ladoo,Beverage,North Indian,North Indian Cuisine,Non-Vegetarian,"Keema parantha/paratha (150g), Khoa ladoo (100g)",250,753.15,26.33,61.97,44.95,8.24,34.85,242.64,Calculated from Indian Food Composition Data,Composite Recipe Engine,2026-09-01
IND_MEAL_095,Paneer parantha/paratha with Chicken pakora/pakoda,Dessert,North Indian,North Indian Cuisine,Non-Vegetarian,"Paneer parantha/paratha (150g), Chicken pakora/pakoda (100g)",250,984.55,18.0,41.04,82.91,6.96,5.88,317.01,Calculated from Indian Food Composition Data,Composite Recipe Engine,2026-09-01
IND_MEAL_096,Besan and spinach parantha/paratha (Besan aur palak ka parantha/paratha) with Vegetable samosa,Breakfast,North Indian,North Indian Cuisine,Vegetarian,"Besan and spinach parantha/paratha (Besan aur palak ka parantha/paratha) (150g), Vegetable samosa (100g)",250,767.85,10.52,45.3,60.35,8.1,2.71,373.48,Calculated from Indian Food Composition Data,Composite Recipe Engine,2026-09-01
IND_MEAL_097,Poori with Coriander chutney (Hare dhaniye ki chutney),Lunch,Pan-Indian,Pan-Indian Cuisine,Vegetarian,"Poori (150g), Coriander chutney (Hare dhaniye ki chutney) (100g)",250,1149.3,3.41,20.49,116.78,4.66,5.84,234.23,Calculated from Indian Food Composition Data,Composite Recipe Engine,2026-09-01
IND_MEAL_098,Spinach poori (Palak poori) with Curd vegetable dip,Dinner,Pan-Indian,Pan-Indian Cuisine,Vegetarian,"Spinach poori (Palak poori) (150g), Curd vegetable dip (100g)",250,1082.59,6.01,17.68,109.73,2.96,5.78,185.69,Calculated from Indian Food Composition Data,Composite Recipe Engine,2026-09-01
IND_MEAL_099,Methi poori with Spicy chutney sandwich,Snack,Pan-Indian,Pan-Indian Cuisine,Vegetarian,"Methi poori (150g), Spicy chutney sandwich (100g)",250,1314.61,10.91,46.0,121.48,6.14,4.35,368.45,Calculated from Indian Food Composition Data,Composite Recipe Engine,2026-09-01
IND_MEAL_100,Dal stuffed poori with Sunset and sunrise open sandwich,Beverage,Pan-Indian,Pan-Indian Cuisine,Vegetarian,"Dal stuffed poori (150g), Sunset and sunrise open sandwich (100g)",250,1419.05,11.7,34.1,137.68,4.33,2.38,573.56,Calculated from Indian Food Composition Data,Composite Recipe Engine,2026-09-01
IND_MEAL_101,Potato stuffed poori (Aloo ki poori) with Chocolate pastry,Dessert,Pan-Indian,Pan-Indian Cuisine,Vegetarian,"Potato stuffed poori (Aloo ki poori) (150g), Chocolate pastry (100g)",250,1408.48,9.33,46.34,132.14,2.78,22.73,151.33,Calculated from Indian Food Composition Data,Composite Recipe Engine,2026-09-01
IND_MEAL_102,Tandoori parantha/paratha with Chocolate eggless cake,Breakfast,North Indian,North Indian Cuisine,Non-Vegetarian,"Tandoori parantha/paratha (150g), Chocolate eggless cake (100g)",250,755.07,14.28,89.56,37.95,8.48,35.49,198.32,Calculated from Indian Food Composition Data,Composite Recipe Engine,2026-09-01
IND_MEAL_103,Boiled rice (Uble chawal) with Gingerman biscuit,Lunch,Pan-Indian,Pan-Indian Cuisine,Vegetarian,"Boiled rice (Uble chawal) (150g), Gingerman biscuit (100g)",250,533.22,10.16,93.82,13.0,3.88,21.97,920.15,Calculated from Indian Food Composition Data,Composite Recipe Engine,2026-09-01
IND_MEAL_104,Plain pulao with Chocolate cream shells,Dinner,Pan-Indian,Pan-Indian Cuisine,Vegetarian,"Plain pulao (150g), Chocolate cream shells (100g)",250,637.49,8.61,91.99,26.27,3.44,36.45,417.48,Calculated from Indian Food Composition Data,Composite Recipe Engine,2026-09-01
IND_MEAL_105,Mixed vegetable pulao with Orange cream flan,Snack,Pan-Indian,Pan-Indian Cuisine,Vegetarian,"Mixed vegetable pulao (150g), Orange cream flan (100g)",250,449.85,8.81,62.39,18.59,4.63,27.3,364.29,Calculated from Indian Food Composition Data,Composite Recipe Engine,2026-09-01
IND_MEAL_106,Mushroom pulao with Choux swans,Beverage,Pan-Indian,Pan-Indian Cuisine,Vegetarian,"Mushroom pulao (150g), Choux swans (100g)",250,402.77,8.13,43.45,21.64,3.17,7.63,478.62,Calculated from Indian Food Composition Data,Composite Recipe Engine,2026-09-01
IND_MEAL_107,Sprouted moong pulao with Sajina,Dessert,Pan-Indian,Pan-Indian Cuisine,Vegetarian,"Sprouted moong pulao (150g), Sajina (100g)",250,514.71,14.1,93.11,8.45,10.29,28.04,241.44,Calculated from Indian Food Composition Data,Composite Recipe Engine,2026-09-01
IND_MEAL_108,Paneer pulao with Lentils and semolina porridge (Dal suji porridge/daliya),Breakfast,North Indian,North Indian Cuisine,Vegetarian,"Paneer pulao (150g), Lentils and semolina porridge (Dal suji porridge/daliya) (100g)",250,990.15,6.23,36.33,90.78,2.37,15.5,118.06,Calculated from Indian Food Composition Data,Composite Recipe Engine,2026-09-01
IND_MEAL_109,Peanut pulao with Chickpea flour cookies (Sweet besan rounds/cookies),Lunch,Pan-Indian,Pan-Indian Cuisine,Vegetarian,"Peanut pulao (150g), Chickpea flour cookies (Sweet besan rounds/cookies) (100g)",250,496.93,12.27,71.41,17.69,6.91,33.06,274.89,Calculated from Indian Food Composition Data,Composite Recipe Engine,2026-09-01
IND_MEAL_110,Navratan pulao with Wheat flour and nuts ladoos (Atta nuts ladoos),Dinner,Pan-Indian,Pan-Indian Cuisine,Vegetarian,"Navratan pulao (150g), Wheat flour and nuts ladoos (Atta nuts ladoos) (100g)",250,784.46,18.76,99.78,33.37,13.03,19.72,509.46,Calculated from Indian Food Composition Data,Composite Recipe Engine,2026-09-01
IND_MEAL_111,Green chickpeas pulao (Choliya pulao/Hare chane ka pulao) with Semolina idli (Suji/Rava idli),Snack,Pan-Indian,Pan-Indian Cuisine,Vegetarian,"Green chickpeas pulao (Choliya pulao/Hare chane ka pulao) (150g), Semolina idli (Suji/Rava idli) (100g)",250,466.53,16.66,75.03,10.7,10.57,7.14,440.1,Calculated from Indian Food Composition Data,Composite Recipe Engine,2026-09-01
IND_MEAL_112,Mutton biryani/biriyani with Orange milkshake with ice cream (Narangi milkshake ice cream ke saath),Beverage,Pan-Indian,Pan-Indian Cuisine,Non-Vegetarian,"Mutton biryani/biriyani (150g), Orange milkshake with ice cream (Narangi milkshake ice cream ke saath) (100g)",250,353.96,13.02,42.9,14.33,3.79,12.59,410.61,Calculated from Indian Food Composition Data,Composite Recipe Engine,2026-09-01
IND_MEAL_113,Vegetable biryani/biriyani with Nannari sharbat,Dessert,Pan-Indian,Pan-Indian Cuisine,Vegetarian,"Vegetable biryani/biriyani (150g), Nannari sharbat (100g)",250,350.71,4.75,51.46,14.28,4.96,26.79,276.85,Calculated from Indian Food Composition Data,Composite Recipe Engine,2026-09-01
IND_MEAL_114,"Lemon rice (Pulihora, Elumichai sadam, Chitranna) with Putharekulu",Breakfast,Pan-Indian,Pan-Indian Cuisine,Vegetarian,"Lemon rice (Pulihora, Elumichai sadam, Chitranna) (150g), Putharekulu (100g)",250,582.75,10.05,92.04,19.37,5.53,25.03,283.34,Calculated from Indian Food Composition Data,Composite Recipe Engine,2026-09-01
IND_MEAL_115,Sweet rice (Meethe chawal) with Chhena poda,Lunch,Pan-Indian,Pan-Indian Cuisine,Vegetarian,"Sweet rice (Meethe chawal) (150g), Chhena poda (100g)",250,667.68,16.83,97.53,24.8,3.09,67.85,17.8,Calculated from Indian Food Composition Data,Composite Recipe Engine,2026-09-01
IND_MEAL_116,Curd rice (Dahi bhaat/Dahi chawal/ Perugu annam/Daddojanam/Thayir saadam) with Fish sandwich,Dinner,Pan-Indian,Pan-Indian Cuisine,Non-Vegetarian,"Curd rice (Dahi bhaat/Dahi chawal/ Perugu annam/Daddojanam/Thayir saadam) (150g), Fish sandwich (100g)",250,443.81,13.34,59.48,16.85,4.42,6.91,481.81,Calculated from Indian Food Composition Data,Composite Recipe Engine,2026-09-01
IND_MEAL_117,Tamarind rice (Chintapandu pulihora/Puliyodharai/Puli sadam/Huli anna) with Pumpkin cookies,Snack,Pan-Indian,Pan-Indian Cuisine,Vegetarian,"Tamarind rice (Chintapandu pulihora/Puliyodharai/Puli sadam/Huli anna) (150g), Pumpkin cookies (100g)",250,777.96,13.69,142.31,16.72,8.74,49.09,295.11,Calculated from Indian Food Composition Data,Composite Recipe Engine,2026-09-01
IND_MEAL_118,Spanish rice with Olive biscuit,Beverage,Pan-Indian,Pan-Indian Cuisine,Vegetarian,"Spanish rice (150g), Olive biscuit (100g)",250,684.65,9.48,101.66,27.09,4.99,34.16,265.01,Calculated from Indian Food Composition Data,Composite Recipe Engine,2026-09-01
IND_MEAL_119,Chinese fried rice with Date pickle (Khajoor ka achaar),Dessert,Pan-Indian,Pan-Indian Cuisine,Vegetarian,"Chinese fried rice (150g), Date pickle (Khajoor ka achaar) (100g)",250,363.16,7.75,54.76,12.36,8.66,32.67,511.4,Calculated from Indian Food Composition Data,Composite Recipe Engine,2026-09-01
IND_MEAL_120,Macroni cheese pie with Pickled cabbage,Breakfast,Pan-Indian,Pan-Indian Cuisine,Vegetarian,"Macroni cheese pie (150g), Pickled cabbage (100g)",250,269.63,9.16,34.21,11.36,1.21,7.18,422.15,Calculated from Indian Food Composition Data,Composite Recipe Engine,2026-09-01
IND_MEAL_121,Vegetable chowmein with Chicken manchurian,Lunch,Pan-Indian,Pan-Indian Cuisine,Non-Vegetarian,"Vegetable chowmein (150g), Chicken manchurian (100g)",250,336.9,14.13,29.22,21.5,3.2,3.85,2802.47,Calculated from Indian Food Composition Data,Composite Recipe Engine,2026-09-01
IND_MEAL_122,Chicken chowmein with Corn omelette/omlet,Dinner,Pan-Indian,Pan-Indian Cuisine,Non-Vegetarian,"Chicken chowmein (150g), Corn omelette/omlet (100g)",250,393.93,20.87,21.52,25.23,2.48,2.85,598.64,Calculated from Indian Food Composition Data,Composite Recipe Engine,2026-09-01
IND_MEAL_123,Cheese noodle ring with Sauteed radishes with green beans,Snack,Pan-Indian,Pan-Indian Cuisine,Vegetarian,"Cheese noodle ring (150g), Sauteed radishes with green beans (100g)",250,294.82,11.74,26.98,15.79,5.42,6.04,428.04,Calculated from Indian Food Composition Data,Composite Recipe Engine,2026-09-01
IND_MEAL_124,Spaghetti and cheese balls in tomato sauce with Cabbage raita (Pattagobhi raita),Beverage,Pan-Indian,Pan-Indian Cuisine,Vegetarian,"Spaghetti and cheese balls in tomato sauce (150g), Cabbage raita (Pattagobhi raita) (100g)",250,847.32,6.86,16.98,83.88,1.81,6.96,281.52,Calculated from Indian Food Composition Data,Composite Recipe Engine,2026-09-01
IND_MEAL_125,Penne platter with Chicken and cheese souffle,Dessert,Pan-Indian,Pan-Indian Cuisine,Non-Vegetarian,"Penne platter (150g), Chicken and cheese souffle (100g)",250,448.45,16.63,34.77,27.8,1.9,9.21,545.99,Calculated from Indian Food Composition Data,Composite Recipe Engine,2026-09-01
IND_MEAL_126,Pasta hot pot with Khakhra,Breakfast,Pan-Indian,Pan-Indian Cuisine,Vegetarian,"Pasta hot pot (150g), Khakhra (100g)",250,366.25,13.54,45.06,15.03,6.63,9.87,530.91,Calculated from Indian Food Composition Data,Composite Recipe Engine,2026-09-01
IND_MEAL_127,Chicken lasagne with Banana appam,Lunch,Pan-Indian,Pan-Indian Cuisine,Non-Vegetarian,"Chicken lasagne (150g), Banana appam (100g)",250,751.05,16.84,40.91,58.07,0.84,14.06,377.97,Calculated from Indian Food Composition Data,Composite Recipe Engine,2026-09-01
IND_MEAL_128,Fettuccine with spinach sauce with Jackfruit fritters (Ponsa mulik/Kathal ka pakora),Dinner,Pan-Indian,Pan-Indian Cuisine,Vegetarian,"Fettuccine with spinach sauce (150g), Jackfruit fritters (Ponsa mulik/Kathal ka pakora) (100g)",250,791.61,6.99,42.28,66.16,2.66,13.25,276.77,Calculated from Indian Food Composition Data,Composite Recipe Engine,2026-09-01
IND_MEAL_129,Naan with Honey cake,Snack,North Indian,North Indian Cuisine,Vegetarian,"Naan (150g), Honey cake (100g)",250,763.26,15.16,126.66,22.18,3.38,41.81,561.72,Calculated from Indian Food Composition Data,Composite Recipe Engine,2026-09-01
IND_MEAL_130,Bhatura with Pumpkin soup,Beverage,North Indian,North Indian Cuisine,Vegetarian,"Bhatura (150g), Pumpkin soup (100g)",250,1229.85,2.92,18.17,127.04,1.76,2.5,87.95,Calculated from Indian Food Composition Data,Composite Recipe Engine,2026-09-01
IND_MEAL_131,Idli with Dal makhani,Dessert,South Indian,South Indian Cuisine,Vegetarian,"Idli (150g), Dal makhani (100g)",250,280.35,10.28,50.23,3.56,5.73,1.22,193.09,Calculated from Indian Food Composition Data,Composite Recipe Engine,2026-09-01
IND_MEAL_132,Masala dosa with Sev (Omapodi/Karapusa),Breakfast,South Indian,South Indian Cuisine,Vegetarian,"Masala dosa (150g), Sev (Omapodi/Karapusa) (100g)",250,856.01,10.05,42.23,71.84,6.13,2.53,340.11,Calculated from Indian Food Composition Data,Composite Recipe Engine,2026-09-01
IND_MEAL_133,Semolina dosa (Suji/Rava dosa) with Garlic chickpea soup (Lahasun aur chane ka shoraba),Lunch,South Indian,South Indian Cuisine,Vegetarian,"Semolina dosa (Suji/Rava dosa) (150g), Garlic chickpea soup (Lahasun aur chane ka shoraba) (100g)",250,430.11,15.4,63.18,12.69,8.9,9.21,383.27,Calculated from Indian Food Composition Data,Composite Recipe Engine,2026-09-01
IND_MEAL_134,Onion tomato uttapam with Mustard sauce,Dinner,South Indian,South Indian Cuisine,Vegetarian,"Onion tomato uttapam (150g), Mustard sauce (100g)",250,851.61,6.84,25.27,80.12,2.02,5.42,237.46,Calculated from Indian Food Composition Data,Composite Recipe Engine,2026-09-01
IND_MEAL_135,Paneer kaathi roll with Thousand island dressing,Snack,North Indian,North Indian Cuisine,Vegetarian,"Paneer kaathi roll (150g), Thousand island dressing (100g)",250,836.78,11.75,34.64,72.19,4.06,8.04,1277.64,Calculated from Indian Food Composition Data,Composite Recipe Engine,2026-09-01
IND_MEAL_136,Makki ki roti with Royal icing,Beverage,Pan-Indian,Pan-Indian Cuisine,Vegetarian,"Makki ki roti (150g), Royal icing (100g)",250,728.54,6.98,122.81,25.3,7.79,86.62,390.83,Calculated from Indian Food Composition Data,Composite Recipe Engine,2026-09-01
IND_MEAL_137,Washed moong dal (Dhuli moong ki dal) with Vegetable soup,Dessert,Pan-Indian,Pan-Indian Cuisine,Vegetarian,"Washed moong dal (Dhuli moong ki dal) (150g), Vegetable soup (100g)",250,130.21,6.24,16.46,4.07,4.76,1.79,396.64,Calculated from Indian Food Composition Data,Composite Recipe Engine,2026-09-01
IND_MEAL_138,Washed urad dal (Dhuli urad ki dal) with Cracked wheat khichri/khichdi (Dalia khichri/khichdi),Breakfast,Pan-Indian,Pan-Indian Cuisine,Vegetarian,"Washed urad dal (Dhuli urad ki dal) (150g), Cracked wheat khichri/khichdi (Dalia khichri/khichdi) (100g)",250,259.43,11.32,31.11,9.99,6.04,4.27,438.26,Calculated from Indian Food Composition Data,Composite Recipe Engine,2026-09-01
IND_MEAL_139,Split bengal gram with bottle gourd (Channa dal with ghiya/lauki) with Lemon and ginger squash (Nimbu aur adrak ka squash),Lunch,Pan-Indian,Pan-Indian Cuisine,Vegetarian,"Split bengal gram with bottle gourd (Channa dal with ghiya/lauki) (150g), Lemon and ginger squash (Nimbu aur adrak ka squash) (100g)",250,280.22,4.73,54.71,5.61,5.15,44.11,240.39,Calculated from Indian Food Composition Data,Composite Recipe Engine,2026-09-01
IND_MEAL_140,Dry washed urad with Gooseberry marmalade (Amla murabba),Dinner,Pan-Indian,Pan-Indian Cuisine,Vegetarian,"Dry washed urad (150g), Gooseberry marmalade (Amla murabba) (100g)",250,310.23,10.41,55.83,5.28,6.09,29.7,660.58,Calculated from Indian Food Composition Data,Composite Recipe Engine,2026-09-01
IND_MEAL_141,Mixed dal with Tomato sauce,Snack,Pan-Indian,Pan-Indian Cuisine,Vegetarian,"Mixed dal (150g), Tomato sauce (100g)",250,127.22,4.57,15.92,4.92,4.22,6.2,386.83,Calculated from Indian Food Composition Data,Composite Recipe Engine,2026-09-01
IND_MEAL_142,Whole moong (Moong ki dal) with Tartare sauce,Beverage,Pan-Indian,Pan-Indian Cuisine,Vegetarian,"Whole moong (Moong ki dal) (150g), Tartare sauce (100g)",250,691.48,4.81,10.79,69.96,3.45,3.07,442.74,Calculated from Indian Food Composition Data,Composite Recipe Engine,2026-09-01
IND_MEAL_143,Whole masoor (Masoor ki dal) with Onion tomato baghar (Pyaaz tamatar ka tadka),Dessert,Pan-Indian,Pan-Indian Cuisine,Vegetarian,"Whole masoor (Masoor ki dal) (150g), Onion tomato baghar (Pyaaz tamatar ka tadka) (100g)",250,218.59,4.68,14.22,15.76,5.09,4.51,216.91,Calculated from Indian Food Composition Data,Composite Recipe Engine,2026-09-01
IND_MEAL_144,Whole moth (Moth ki dal) with Brinjal pickle (Baingan ka achaar),Breakfast,Pan-Indian,Pan-Indian Cuisine,Vegetarian,"Whole moth (Moth ki dal) (150g), Brinjal pickle (Baingan ka achaar) (100g)",250,221.51,5.25,12.84,16.91,7.4,2.06,3695.21,Calculated from Indian Food Composition Data,Composite Recipe Engine,2026-09-01
IND_MEAL_145,Whole urad (Urad ki dal) with Instant coffee,Lunch,Pan-Indian,Pan-Indian Cuisine,Vegetarian,"Whole urad (Urad ki dal) (150g), Instant coffee (100g)",250,103.86,3.96,11.22,4.68,3.48,4.47,194.1,Calculated from Indian Food Composition Data,Composite Recipe Engine,2026-09-01
IND_MEAL_146,Moti mahal dal (Urad rajmah mix dal) with Lem-o-gin,Dinner,North Indian,North Indian Cuisine,Vegetarian,"Moti mahal dal (Urad rajmah mix dal) (150g), Lem-o-gin (100g)",250,176.22,5.98,18.66,8.52,5.2,7.93,264.55,Calculated from Indian Food Composition Data,Composite Recipe Engine,2026-09-01
IND_MEAL_147,Black channa curry/Bengal gram curry (Kale chane ki curry) with Mango milkshake (Aam milkshake),Snack,Pan-Indian,Pan-Indian Cuisine,Vegetarian,"Black channa curry/Bengal gram curry (Kale chane ki curry) (150g), Mango milkshake (Aam milkshake) (100g)",250,267.92,10.23,28.39,12.27,12.24,10.69,551.21,Calculated from Indian Food Composition Data,Composite Recipe Engine,2026-09-01
IND_MEAL_148,Chickpeas curry (Safed channa curry) with Egg sandwich (Ande ka sandwich),Beverage,Pan-Indian,Pan-Indian Cuisine,Non-Vegetarian,"Chickpeas curry (Safed channa curry) (150g), Egg sandwich (Ande ka sandwich) (100g)",250,531.11,17.84,59.13,26.06,8.98,9.03,998.65,Calculated from Indian Food Composition Data,Composite Recipe Engine,2026-09-01
IND_MEAL_149,Lobia curry with Club sandwich,Dessert,Pan-Indian,Pan-Indian Cuisine,Vegetarian,"Lobia curry (150g), Club sandwich (100g)",250,458.81,16.4,45.33,23.55,8.67,5.77,994.78,Calculated from Indian Food Composition Data,Composite Recipe Engine,2026-09-01
IND_MEAL_150,Soyabean curry with Sweet open sandwich,Breakfast,Pan-Indian,Pan-Indian Cuisine,Vegetarian,"Soyabean curry (150g), Sweet open sandwich (100g)",250,489.17,20.63,49.38,23.44,13.37,16.22,734.3,Calculated from Indian Food Composition Data,Composite Recipe Engine,2026-09-01
IND_MEAL_151,Kidney bean curry (Rajmah curry) with Classic club sandwich,Lunch,North Indian,North Indian Cuisine,Vegetarian,"Kidney bean curry (Rajmah curry) (150g), Classic club sandwich (100g)",250,416.42,15.67,43.06,20.21,10.37,5.6,809.39,Calculated from Indian Food Composition Data,Composite Recipe Engine,2026-09-01
IND_MEAL_152,Sambar with Wheat flakes,Dinner,South Indian,South Indian Cuisine,Vegetarian,"Sambar (150g), Wheat flakes (100g)",250,257.82,8.64,31.43,10.56,5.65,12.25,261.71,Calculated from Indian Food Composition Data,Composite Recipe Engine,2026-09-01
IND_MEAL_153,Besan kadhi with pakodies with Baked egg,Snack,North Indian,North Indian Cuisine,Non-Vegetarian,"Besan kadhi with pakodies (150g), Baked egg (100g)",250,823.88,14.34,20.76,76.54,2.25,2.98,614.49,Calculated from Indian Food Composition Data,Composite Recipe Engine,2026-09-01
IND_MEAL_154,Khatta channa with Khoa and coconut pancake,Beverage,Pan-Indian,Pan-Indian Cuisine,Vegetarian,"Khatta channa (150g), Khoa and coconut pancake (100g)",250,575.84,16.43,59.03,31.13,9.54,23.59,870.98,Calculated from Indian Food Composition Data,Composite Recipe Engine,2026-09-01
IND_MEAL_155,Sprouted moong dal chat with Cream of tomato soup,Dessert,Pan-Indian,Pan-Indian Cuisine,Vegetarian,"Sprouted moong dal chat (150g), Cream of tomato soup (100g)",250,146.51,6.64,12.95,13.6,3.41,4.17,4591.82,Calculated from Indian Food Composition Data,Composite Recipe Engine,2026-09-01
IND_MEAL_156,Potato cauliflower (Aloo gobhi) with Egg drop soup,Breakfast,Pan-Indian,Pan-Indian Cuisine,Non-Vegetarian,"Potato cauliflower (Aloo gobhi) (150g), Egg drop soup (100g)",250,185.91,15.78,10.08,25.71,5.34,1.26,12800.98,Calculated from Indian Food Composition Data,Composite Recipe Engine,2026-09-01
IND_MEAL_157,Potato capsicum (Shimla mirch aloo) with Chapati/Roti,Lunch,Pan-Indian,Pan-Indian Cuisine,Vegetarian,"Potato capsicum (Shimla mirch aloo) (150g), Chapati/Roti (100g)",250,390.61,7.99,48.73,17.55,9.34,1.81,418.04,Calculated from Indian Food Composition Data,Composite Recipe Engine,2026-09-01
IND_MEAL_158,Cabbage and peas (Pattagobhi aur matar) with Pea parantha/paratha (Matar ka parantha/paratha),Dinner,Pan-Indian,Pan-Indian Cuisine,Vegetarian,"Cabbage and peas (Pattagobhi aur matar) (150g), Pea parantha/paratha (Matar ka parantha/paratha) (100g)",250,286.55,10.45,30.87,12.76,11.6,2.75,490.58,Calculated from Indian Food Composition Data,Composite Recipe Engine,2026-09-01
IND_MEAL_159,Carrot and fenugreek leaves (Gajar methi) with Dal stuffed poori,Snack,Pan-Indian,Pan-Indian Cuisine,Vegetarian,"Carrot and fenugreek leaves (Gajar methi) (150g), Dal stuffed poori (100g)",250,878.04,5.23,16.39,87.41,8.61,3.46,522.55,Calculated from Indian Food Composition Data,Composite Recipe Engine,2026-09-01
IND_MEAL_160,Potato fenugreek (Aloo methi) with Sprouted moong pulao,Beverage,Pan-Indian,Pan-Indian Cuisine,Vegetarian,"Potato fenugreek (Aloo methi) (150g), Sprouted moong pulao (100g)",250,315.7,5.56,30.2,18.67,6.18,2.24,486.05,Calculated from Indian Food Composition Data,Composite Recipe Engine,2026-09-01
IND_MEAL_161,"Brinjal bhartha (Baingan ka bhartha) with Lemon rice (Pulihora, Elumichai sadam, Chitranna)",Dessert,Pan-Indian,Pan-Indian Cuisine,Vegetarian,"Brinjal bhartha (Baingan ka bhartha) (150g), Lemon rice (Pulihora, Elumichai sadam, Chitranna) (100g)",250,273.98,6.33,28.22,14.6,7.43,3.51,385.34,Calculated from Indian Food Composition Data,Composite Recipe Engine,2026-09-01
IND_MEAL_162,Dry potato (Sookhe aloo) with Vegetable chowmein,Breakfast,Pan-Indian,Pan-Indian Cuisine,Vegetarian,"Dry potato (Sookhe aloo) (150g), Vegetable chowmein (100g)",250,284.44,5.5,37.01,12.63,4.68,2.46,558.46,Calculated from Indian Food Composition Data,Composite Recipe Engine,2026-09-01
IND_MEAL_163,Beans with coconut (Nariyal aur sem/phali; Beans thoran) with Fettuccine with spinach sauce,Lunch,South Indian,South Indian Cuisine,Vegetarian,"Beans with coconut (Nariyal aur sem/phali; Beans thoran) (150g), Fettuccine with spinach sauce (100g)",250,326.65,7.03,18.77,24.91,9.15,4.27,561.06,Calculated from Indian Food Composition Data,Composite Recipe Engine,2026-09-01
IND_MEAL_164,Cauliflower with coconut (Nariyal ke saath phoolgobhi) with Paneer kaathi roll,Dinner,Pan-Indian,Pan-Indian Cuisine,Vegetarian,"Cauliflower with coconut (Nariyal ke saath phoolgobhi) (150g), Paneer kaathi roll (100g)",250,484.11,10.88,26.09,36.89,10.3,5.86,650.12,Calculated from Indian Food Composition Data,Composite Recipe Engine,2026-09-01
IND_MEAL_165,Carrot and cabbage with coconut (Nariyal ke saath pattagobhi aur gajar) with Whole moong (Moong ki dal),Snack,Pan-Indian,Pan-Indian Cuisine,Vegetarian,"Carrot and cabbage with coconut (Nariyal ke saath pattagobhi aur gajar) (150g), Whole moong (Moong ki dal) (100g)",250,213.62,4.98,12.71,15.49,8.8,4.13,453.26,Calculated from Indian Food Composition Data,Composite Recipe Engine,2026-09-01
IND_MEAL_166,Raw turnip with coconut with Lobia curry,Beverage,Pan-Indian,Pan-Indian Cuisine,Vegetarian,"Raw turnip with coconut (150g), Lobia curry (100g)",250,347.22,8.76,26.55,22.83,8.76,9.11,768.74,Calculated from Indian Food Composition Data,Composite Recipe Engine,2026-09-01
IND_MEAL_167,Raw papaya with coconut (Papaya thoran) with Potato cauliflower (Aloo gobhi),Dessert,South Indian,South Indian Cuisine,Vegetarian,"Raw papaya with coconut (Papaya thoran) (150g), Potato cauliflower (Aloo gobhi) (100g)",250,305.31,4.21,14.36,25.26,9.48,6.17,660.6,Calculated from Indian Food Composition Data,Composite Recipe Engine,2026-09-01
IND_MEAL_168,Stuffed okra (Bharwa bhindi) with Beans with coconut (Nariyal aur sem/phali; Beans thoran),Breakfast,Pan-Indian,Pan-Indian Cuisine,Vegetarian,"Stuffed okra (Bharwa bhindi) (150g), Beans with coconut (Nariyal aur sem/phali; Beans thoran) (100g)",250,273.14,5.74,10.16,22.88,11.82,2.78,586.69,Calculated from Indian Food Composition Data,Composite Recipe Engine,2026-09-01
IND_MEAL_169,Stuffed round gourd (Bharwa tinde) with Stuffed capsicum (Bharwa shimla mirch),Lunch,Pan-Indian,Pan-Indian Cuisine,Vegetarian,"Stuffed round gourd (Bharwa tinde) (150g), Stuffed capsicum (Bharwa shimla mirch) (100g)",250,200.14,2.99,14.29,14.32,5.16,4.15,444.17,Calculated from Indian Food Composition Data,Composite Recipe Engine,2026-09-01
IND_MEAL_170,Stuffed capsicum (Bharwa shimla mirch) with Pea vadi curry,Dinner,Pan-Indian,Pan-Indian Cuisine,Vegetarian,"Stuffed capsicum (Bharwa shimla mirch) (150g), Pea vadi curry (100g)",250,238.36,6.65,21.29,13.63,7.29,3.73,410.42,Calculated from Indian Food Composition Data,Composite Recipe Engine,2026-09-01
IND_MEAL_171,Stuffed brinjal (Bharwa baingan) with Lotus stem kofta curry (Kamal kakdi kofta curry),Snack,Pan-Indian,Pan-Indian Cuisine,Vegetarian,"Stuffed brinjal (Bharwa baingan) (150g), Lotus stem kofta curry (Kamal kakdi kofta curry) (100g)",250,773.06,3.25,10.95,79.36,7.14,2.26,427.93,Calculated from Indian Food Composition Data,Composite Recipe Engine,2026-09-01
IND_MEAL_172,Stuffed tomatoes (Bharwa tamatar) with Baked vegetables,Beverage,Pan-Indian,Pan-Indian Cuisine,Vegetarian,"Stuffed tomatoes (Bharwa tamatar) (150g), Baked vegetables (100g)",250,229.01,8.59,17.73,13.53,5.64,6.58,373.47,Calculated from Indian Food Composition Data,Composite Recipe Engine,2026-09-01
IND_MEAL_173,Pea potato curry (Aloo matar) with Spinach paneer (Palak paneer),Dessert,Pan-Indian,Pan-Indian Cuisine,Vegetarian,"Pea potato curry (Aloo matar) (150g), Spinach paneer (Palak paneer) (100g)",250,229.06,9.25,19.04,12.46,7.33,5.34,399.12,Calculated from Indian Food Composition Data,Composite Recipe Engine,2026-09-01
IND_MEAL_174,Pea paneer curry (Matar paneer) with Paneer in butter sauce,Breakfast,North Indian,North Indian Cuisine,Vegetarian,"Pea paneer curry (Matar paneer) (150g), Paneer in butter sauce (100g)",250,347.86,16.91,23.63,20.44,6.45,13.32,387.46,Calculated from Indian Food Composition Data,Composite Recipe Engine,2026-09-01
IND_MEAL_175,Pea mushroom curry (Matar mushroom) with Pea keema curry (Matar keema ki sabzi),Lunch,Pan-Indian,Pan-Indian Cuisine,Non-Vegetarian,"Pea mushroom curry (Matar mushroom) (150g), Pea keema curry (Matar keema ki sabzi) (100g)",250,272.95,14.23,17.36,15.88,8.75,4.55,381.6,Calculated from Indian Food Composition Data,Composite Recipe Engine,2026-09-01
IND_MEAL_176,Pea curry (Matar ki sabzi) with Shammi kebab,Dinner,Pan-Indian,Pan-Indian Cuisine,Vegetarian,"Pea curry (Matar ki sabzi) (150g), Shammi kebab (100g)",250,840.18,11.29,17.34,80.28,7.71,3.28,286.39,Calculated from Indian Food Composition Data,Composite Recipe Engine,2026-09-01
IND_MEAL_177,Pea vadi curry with Chilli chicken,Snack,Pan-Indian,Pan-Indian Cuisine,Non-Vegetarian,"Pea vadi curry (150g), Chilli chicken (100g)",250,351.75,16.53,16.21,24.18,7.41,3.81,448.01,Calculated from Indian Food Composition Data,Composite Recipe Engine,2026-09-01
IND_MEAL_178,Paneer curry with Fish tikka,Beverage,North Indian,North Indian Cuisine,Non-Vegetarian,"Paneer curry (150g), Fish tikka (100g)",250,382.11,27.7,16.51,22.72,3.28,10.62,827.58,Calculated from Indian Food Composition Data,Composite Recipe Engine,2026-09-01
IND_MEAL_179,Lotus stem curry (Kamal kakdi curry) with Mixed pulse and vegetable salad,Dessert,Pan-Indian,Pan-Indian Cuisine,Vegetarian,"Lotus stem curry (Kamal kakdi curry) (150g), Mixed pulse and vegetable salad (100g)",250,248.63,7.04,27.82,11.71,7.67,4.5,453.36,Calculated from Indian Food Composition Data,Composite Recipe Engine,2026-09-01
IND_MEAL_180,Gravy for kofta with Fruit salad (Phalon ka salaad),Breakfast,Pan-Indian,Pan-Indian Cuisine,Vegetarian,"Gravy for kofta (150g), Fruit salad (Phalon ka salaad) (100g)",250,266.52,3.54,25.43,16.74,4.52,15.38,476.4,Calculated from Indian Food Composition Data,Composite Recipe Engine,2026-09-01
IND_MEAL_181,Pea kofta curry (Matar kofta curry) with Mint raita (Pudinay ka raita),Lunch,Pan-Indian,Pan-Indian Cuisine,Vegetarian,"Pea kofta curry (Matar kofta curry) (150g), Mint raita (Pudinay ka raita) (100g)",250,971.08,8.65,13.91,98.05,2.89,8.8,398.99,Calculated from Indian Food Composition Data,Composite Recipe Engine,2026-09-01
IND_MEAL_182,Spinach kofta curry (Palak kofta curry) with Rice kheer (Chawal ki kheer),Dinner,Pan-Indian,Pan-Indian Cuisine,Vegetarian,"Spinach kofta curry (Palak kofta curry) (150g), Rice kheer (Chawal ki kheer) (100g)",250,932.7,3.94,15.39,95.2,1.55,9.25,173.01,Calculated from Indian Food Composition Data,Composite Recipe Engine,2026-09-01
IND_MEAL_183,Paneer kofta curry with Cauliflower kheer (Phoolgobhi ki kheer),Snack,North Indian,North Indian Cuisine,Vegetarian,"Paneer kofta curry (150g), Cauliflower kheer (Phoolgobhi ki kheer) (100g)",250,1088.32,6.62,13.68,112.04,1.15,11.46,207.77,Calculated from Indian Food Composition Data,Composite Recipe Engine,2026-09-01
IND_MEAL_184,Lotus stem kofta curry (Kamal kakdi kofta curry) with Potato halwa (Aloo ka halwa),Beverage,Pan-Indian,Pan-Indian Cuisine,Vegetarian,"Lotus stem kofta curry (Kamal kakdi kofta curry) (150g), Potato halwa (Aloo ka halwa) (100g)",250,1102.0,2.97,36.7,105.12,3.16,18.74,167.14,Calculated from Indian Food Composition Data,Composite Recipe Engine,2026-09-01
IND_MEAL_185,Raw banana kofta curry (Kela kofta curry) with Mango ice cream,Dessert,Pan-Indian,Pan-Indian Cuisine,Vegetarian,"Raw banana kofta curry (Kela kofta curry) (150g), Mango ice cream (100g)",250,1066.6,4.33,16.24,109.59,1.41,14.46,161.73,Calculated from Indian Food Composition Data,Composite Recipe Engine,2026-09-01
IND_MEAL_186,Cauliflower kofta curry (Phoolgobhi kofta curry) with Pineapple souffle,Breakfast,Pan-Indian,Pan-Indian Cuisine,Vegetarian,"Cauliflower kofta curry (Phoolgobhi kofta curry) (150g), Pineapple souffle (100g)",250,1157.79,9.62,19.45,116.15,1.5,14.69,199.65,Calculated from Indian Food Composition Data,Composite Recipe Engine,2026-09-01
IND_MEAL_187,Cabbage kofta curry (Pattagobhi kofta curry) with Snow flakes pudding,Lunch,Pan-Indian,Pan-Indian Cuisine,Vegetarian,"Cabbage kofta curry (Pattagobhi kofta curry) (150g), Snow flakes pudding (100g)",250,1054.92,6.14,12.38,109.07,1.38,9.34,178.87,Calculated from Indian Food Composition Data,Composite Recipe Engine,2026-09-01
IND_MEAL_188,Ghiya/Lauki Kofta Curry with Queen of pudding,Dinner,Pan-Indian,Pan-Indian Cuisine,Vegetarian,"Ghiya/Lauki Kofta Curry (150g), Queen of pudding (100g)",250,1090.99,6.84,20.41,109.48,1.51,13.0,222.74,Calculated from Indian Food Composition Data,Composite Recipe Engine,2026-09-01
IND_MEAL_189,Spinach paneer kofta curry (Palak paneer kofta curry) with Hot vanilla souffle,Snack,North Indian,North Indian Cuisine,Vegetarian,"Spinach paneer kofta curry (Palak paneer kofta curry) (150g), Hot vanilla souffle (100g)",250,1101.97,9.02,26.18,107.19,1.25,19.91,208.65,Calculated from Indian Food Composition Data,Composite Recipe Engine,2026-09-01
IND_MEAL_190,Vegetarian egg kofta curry with Semolina ladoo with khoya (Suji/Rava aur khoye ke ladoo ),Beverage,Pan-Indian,Pan-Indian Cuisine,Non-Vegetarian,"Vegetarian egg kofta curry (150g), Semolina ladoo with khoya (Suji/Rava aur khoye ke ladoo ) (100g)",250,1369.83,8.71,59.25,122.72,5.64,35.06,158.24,Calculated from Indian Food Composition Data,Composite Recipe Engine,2026-09-01
IND_MEAL_191,Baked vegetables with Gulab Jamun with khoya,Dessert,Pan-Indian,Pan-Indian Cuisine,Vegetarian,"Baked vegetables (150g), Gulab Jamun with khoya (100g)",250,719.54,7.54,38.75,59.89,3.58,27.96,202.14,Calculated from Indian Food Composition Data,Composite Recipe Engine,2026-09-01
IND_MEAL_192,Cauliflower musallam (Phoolgobhi musallam) with Spinach pakora/pakoda (Palak pakoda),Breakfast,Pan-Indian,Pan-Indian Cuisine,Vegetarian,"Cauliflower musallam (Phoolgobhi musallam) (150g), Spinach pakora/pakoda (Palak pakoda) (100g)",250,800.87,4.79,11.4,81.7,5.61,2.77,254.58,Calculated from Indian Food Composition Data,Composite Recipe Engine,2026-09-01
IND_MEAL_193,Baked vegetables with spinach with Minced meat samosa (Keema ka samosa),Lunch,Pan-Indian,Pan-Indian Cuisine,Non-Vegetarian,"Baked vegetables with spinach (150g), Minced meat samosa (Keema ka samosa) (100g)",250,737.67,9.26,16.54,70.31,3.89,3.63,272.91,Calculated from Indian Food Composition Data,Composite Recipe Engine,2026-09-01
IND_MEAL_194,Baked potato with skin with Fish cutlet (Machli ka cutlet),Dinner,Pan-Indian,Pan-Indian Cuisine,Non-Vegetarian,"Baked potato with skin (150g), Fish cutlet (Machli ka cutlet) (100g)",250,858.3,7.92,19.79,82.86,2.34,2.78,607.08,Calculated from Indian Food Composition Data,Composite Recipe Engine,2026-09-01
IND_MEAL_195,Shepherd's pie (vegetarian) with Masala vada,Snack,Pan-Indian,Pan-Indian Cuisine,Vegetarian,"Shepherd's pie (vegetarian) (150g), Masala vada (100g)",250,1029.46,9.25,22.1,100.1,4.42,4.41,251.83,Calculated from Indian Food Composition Data,Composite Recipe Engine,2026-09-01
IND_MEAL_196,Baked brinjal in tomato sauce with Peanut chutney (Mungfali ki chutney),Beverage,Pan-Indian,Pan-Indian Cuisine,Vegetarian,"Baked brinjal in tomato sauce (150g), Peanut chutney (Mungfali ki chutney) (100g)",250,316.31,14.17,16.06,21.49,9.24,6.06,594.83,Calculated from Indian Food Composition Data,Composite Recipe Engine,2026-09-01
IND_MEAL_197,Dum aloo with Pineapple tart,Dessert,Pan-Indian,Pan-Indian Cuisine,Vegetarian,"Dum aloo (150g), Pineapple tart (100g)",250,1218.9,3.34,33.62,119.23,1.89,12.15,313.65,Calculated from Indian Food Composition Data,Composite Recipe Engine,2026-09-01
IND_MEAL_198,Spinach paneer (Palak paneer) with Cream puffs,Breakfast,North Indian,North Indian Cuisine,Vegetarian,"Spinach paneer (Palak paneer) (150g), Cream puffs (100g)",250,337.85,10.75,22.64,22.62,3.24,9.77,349.06,Calculated from Indian Food Composition Data,Composite Recipe Engine,2026-09-01
IND_MEAL_199,Methi chaman with Hot fish souffle,Lunch,Pan-Indian,Pan-Indian Cuisine,Non-Vegetarian,"Methi chaman (150g), Hot fish souffle (100g)",250,856.35,13.54,7.86,85.6,0.9,4.37,193.35,Calculated from Indian Food Composition Data,Composite Recipe Engine,2026-09-01
IND_MEAL_200,Sarson ka saag with Fruit Loaf,Dinner,North Indian,North Indian Cuisine,Vegetarian,"Sarson ka saag (150g), Fruit Loaf (100g)",250,455.95,9.86,54.48,22.1,6.41,25.66,408.77,Calculated from Indian Food Composition Data,Composite Recipe Engine,2026-09-01
